{"stats":{"minecraft:picked_up":{"luminousworld:auburnlog":7,"minecraft:wheat":13,"minecraft:crafting_table":2,"minecraft:raw_iron":10,"luminousworld:ishstone":5,"minecraft:torch":2,"born_in_chaos_v1:pieceofdarkmetal":1,"minecraft:gunpowder":2,"minecraft:rotten_flesh":2,"minecraft:diamond":2,"minecraft:wheat_seeds":48,"minecraft:raw_gold":3,"minecraft:coal":9,"minecraft:cobblestone":24},"minecraft:killed_by":{"born_in_chaos_v1:diamond_termite":1,"minecraft:skeleton":1,"minecraft:zombie":2},"minecraft:killed":{"minecraft:zombie":1},"minecraft:used":{"minecraft:wooden_axe":23,"luminousworld:autumnplank":6,"minecraft:stone_pickaxe":29,"minecraft:bread":4,"minecraft:iron_pickaxe":39,"minecraft:wooden_pickaxe":11,"minecraft:shield":33,"luminousworld:ishstone":3,"minecraft:torch":18,"minecraft:cobblestone":13,"minecraft:crafting_table":3,"minecraft:furnace":1,"alexsmobs:animal_dictionary":1},"minecraft:custom":{"minecraft:time_since_rest":1,"minecraft:interact_with_furnace":5,"minecraft:sprint_one_cm":81826,"minecraft:damage_taken":1245,"minecraft:walk_one_cm":57697,"minecraft:damage_blocked_by_shield":1410,"minecraft:mob_kills":1,"minecraft:damage_dealt":853,"minecraft:interact_with_crafting_table":11,"minecraft:fly_one_cm":97071,"minecraft:open_chest":1,"tombstone:undead_killed":1,"minecraft:crouch_one_cm":1473,"minecraft:play_time":22965,"minecraft:deaths":4,"minecraft:sneak_time":658,"minecraft:walk_under_water_one_cm":3704,"minecraft:jump":478,"minecraft:leave_game":2,"minecraft:time_since_death":38,"minecraft:walk_on_water_one_cm":4328,"minecraft:total_world_time":22965,"minecraft:fall_one_cm":20603},"minecraft:crafted":{"luminousworld:autumnplank":26,"minecraft:shield":1,"minecraft:crafting_table":1,"minecraft:stick":12,"minecraft:wooden_pickaxe":1,"minecraft:iron_ingot":4,"minecraft:iron_pickaxe":1,"minecraft:stone_pickaxe":1,"minecraft:wooden_axe":1,"aether:diamond_gloves":1,"minecraft:furnace":1,"minecraft:torch":16,"minecraft:bread":4,"minecraft:air":0},"minecraft:mined":{"minecraft:diamond_ore":2,"luminousworld:autumnleaves":1,"minecraft:iron_ore":10,"minecraft:wheat":17,"born_in_chaos_v1:infected_diamond_ore":2,"minecraft:crafting_table":2,"minecraft:coal_ore":9,"luminousworld:ishstone":5,"minecraft:deepslate_iron_ore":1,"luminousworld:auburnlog":7,"minecraft:stone":24,"minecraft:gold_ore":3,"minecraft:wall_torch":1,"minecraft:spawner":1}},"DataVersion":3465}