{"stats":{"minecraft:picked_up":{"luminousworld:groundpebbles_1":3,"minecraft:crafting_table":5,"minecraft:ladder":2,"minecraft:andesite":1,"minecraft:oak_stairs":1,"minecraft:oak_log":21,"minecraft:dirt":23,"minecraft:raw_copper":2,"born_in_chaos_v1:marigolds":2,"minecraft:apple":1,"minecraft:wheat_seeds":2,"minecraft:cobbled_deepslate":23,"minecraft:oak_planks":4,"minecraft:furnace":1,"minecraft:raw_iron":14,"luminousworld:auburnlog":7,"minecraft:torch":1,"minecraft:red_banner":1,"luminousworld:auburn_sapling":1,"minecraft:oak_sapling":3,"minecraft:coal":12,"minecraft:cobblestone":61},"minecraft:dropped":{"tombstone:grave_key":2,"luminousworld:groundpebbles_1":1,"minecraft:oak_sapling":2,"minecraft:wooden_pickaxe":1},"minecraft:killed":{"enemyexpansion:direwolf":1},"minecraft:used":{"minecraft:stone_sword":12,"minecraft:stone_pickaxe":75,"minecraft:shield":4,"minecraft:wooden_pickaxe":22,"luminousworld:groundpebbles_1":2,"minecraft:torch":27,"minecraft:dirt":17,"minecraft:crafting_table":6,"alexscaves:cave_book":1,"minecraft:redstone_torch":2,"minecraft:apple":1,"minecraft:oak_stairs":1,"tombstone:magic_scroll":1,"born_in_chaos_v1:marigolds":2,"minecraft:stone_axe":34,"luminousworld:auburn_sapling":1,"minecraft:oak_sapling":1,"minecraft:furnace":2,"minecraft:andesite":1,"tombstone:gift":1,"minecraft:cobbled_deepslate":10},"minecraft:killed_by":{"undead_revamp2:thehunter":1,"undead_revamp2:therod":1,"minecraft:skeleton":4,"enemyexpansion:slugger":1,"enemyexpansion:invisicreeper":1},"minecraft:custom":{"minecraft:interact_with_smithing_table":1,"minecraft:interact_with_furnace":9,"minecraft:interact_with_anvil":3,"minecraft:mob_kills":3,"minecraft:interact_with_crafting_table":13,"minecraft:open_barrel":7,"minecraft:interact_with_loom":1,"minecraft:leave_game":3,"minecraft:time_since_death":1642,"minecraft:climb_one_cm":33738,"minecraft:time_since_rest":1,"minecraft:sprint_one_cm":148148,"minecraft:damage_taken":2406,"minecraft:walk_one_cm":160264,"minecraft:damage_blocked_by_shield":330,"minecraft:drop":6,"minecraft:damage_dealt":655,"minecraft:swim_one_cm":18750,"minecraft:fly_one_cm":115624,"minecraft:open_chest":4,"minecraft:crouch_one_cm":1826,"minecraft:play_time":63370,"minecraft:deaths":9,"minecraft:sneak_time":799,"minecraft:walk_under_water_one_cm":8272,"minecraft:jump":880,"minecraft:walk_on_water_one_cm":16341,"minecraft:total_world_time":63370,"minecraft:fall_one_cm":15336,"minecraft:inspect_dispenser":3},"minecraft:crafted":{"minecraft:oak_planks":36,"minecraft:crafting_table":2,"minecraft:wooden_pickaxe":2,"minecraft:furnace":1,"minecraft:stone_axe":2,"minecraft:air":0,"minecraft:iron_chestplate":1,"minecraft:shield":2,"minecraft:stick":36,"minecraft:iron_ingot":12,"minecraft:stone_pickaxe":2,"minecraft:stone_sword":1,"minecraft:torch":56},"minecraft:mined":{"luminousworld:groundpebbles_1":1,"born_in_chaos_v1:marigolds":2,"luminousworld:grassvariant_4":2,"luminousworld:blueberrybush":2,"luminousworld:autumnleaves":1,"minecraft:crafting_table":5,"minecraft:torch":1,"minecraft:ladder":1,"minecraft:grass_block":16,"luminousworld:auburnlog":7,"luminousworld:grassvariant_2":1,"minecraft:copper_ore":1,"minecraft:oak_planks":4,"minecraft:spawner":1,"minecraft:black_stained_glass_pane":2,"minecraft:furnace":1,"minecraft:iron_ore":3,"minecraft:andesite":1,"minecraft:red_wall_banner":1,"minecraft:grass":3,"minecraft:coal_ore":12,"minecraft:oak_log":24,"minecraft:deepslate_iron_ore":11,"minecraft:oak_stairs":1,"minecraft:dirt":7,"luminousworld:groundpebbles_2":1,"minecraft:stone":61,"minecraft:oak_leaves":4,"minecraft:deepslate":6}},"DataVersion":3465}