{"stats":{"minecraft:killed_by":{"minecraft:husk":1,"minecraft:piglin_brute":4,"minecraft:piglin":1,"minecraft:skeleton":6,"minecraft:witch":2},"minecraft:broken":{"minecraft:stone_sword":1,"minecraft:stone_shovel":1},"minecraft:dropped":{"minecraft:enchanted_book":1,"minecraft:wheat_seeds":2,"minecraft:stripped_mangrove_wood":2,"minecraft:diamond":2,"minecraft:crafting_table":1,"tombstone:grave_dust":1,"minecraft:dark_oak_planks":1,"luminousworld:clovers_1":3,"minecraft:stone_axe":1,"minecraft:rotten_flesh":5,"luminousworld:yellow_grassflowers":1,"minecraft:cake":1,"minecraft:oak_sapling":2,"minecraft:waxed_oxidized_cut_copper":7,"minecraft:wooden_pickaxe":2,"luminousworld:blue_petunias":2},"minecraft:crafted":{"minecraft:cobblestone_slab":18,"minecraft:oak_planks":8,"minecraft:stone_shovel":1,"minecraft:furnace":4,"quark:blossom_chest":1,"minecraft:stone_pickaxe":1,"minecraft:cooked_beef":8,"sophisticatedbackpacks:backpack":1,"quark:blossom_planks":16,"minecraft:cooked_porkchop":11,"minecraft:crafting_table":2,"minecraft:wooden_pickaxe":1,"minecraft:iron_sword":1,"minecraft:golden_pickaxe":1,"minecraft:birch_planks":32,"minecraft:stone_axe":1,"minecraft:air":0,"minecraft:shield":1,"minecraft:stick":24,"quark:oak_chest":1,"minecraft:stone_sword":1,"quark:blossom_door":3,"minecraft:torch":48},"minecraft:mined":{"minecraft:dark_oak_planks":1,"minecraft:white_bed":1,"iceandfire:silver_ore":1,"quark:yellow_blossom_leaves":8,"minecraft:granite":2,"minecraft:grass_block":86,"luminousworld:grassvariant_2":2,"minecraft:spawner":5,"minecraft:black_stained_glass_pane":2,"luminousworld:sunset_petunias":1,"minecraft:waxed_oxidized_cut_copper":7,"minecraft:furnace":2,"luminousworld:yellow_grassflowers":1,"minecraft:fire":13,"minecraft:bell":1,"minecraft:pointed_dripstone":2,"minecraft:cobblestone_slab":2,"minecraft:stone":114,"minecraft:stripped_mangrove_wood":2,"iceandfire:podium_spruce":1,"minecraft:smithing_table":2,"minecraft:red_bed":1,"minecraft:polished_granite":1,"minecraft:crafting_table":4,"minecraft:torch":4,"quark:blossom_door":1,"quark:blossom_log":35,"minecraft:mushroom_stem":2,"minecraft:tall_grass":1,"minecraft:copper_ore":4,"minecraft:cobblestone":20,"minecraft:grindstone":2,"minecraft:sugar_cane":5,"minecraft:damaged_anvil":2,"minecraft:wall_torch":2,"minecraft:birch_log":8,"minecraft:lava_cauldron":2,"minecraft:jukebox":1,"minecraft:birch_leaves":3,"minecraft:grass":4,"luminousworld:clovers_5":1,"minecraft:oak_log":2,"minecraft:coal_ore":19,"minecraft:sand":64,"minecraft:dirt":21,"minecraft:cobweb":2,"minecraft:red_mushroom_block":1,"minecraft:stone_bricks":1,"minecraft:netherrack":3,"minecraft:oak_leaves":4},"minecraft:killed":{"minecraft:witch":1,"minecraft:spider":1,"undead_revamp2:thesmoker":1,"born_in_chaos_v1:maggot":1,"naturalist:snail":1,"minecraft:skeleton":5,"naturalist:bass":1,"minecraft:husk":9,"minecraft:pig":5,"earthmobsmod:cream_cow":4,"minecraft:creeper":2,"enemyexpansion:botfly":1,"minecraft:cow":7},"minecraft:used":{"minecraft:stone_sword":130,"minecraft:stone_shovel":131,"minecraft:shield":8,"minecraft:iron_sword":43,"minecraft:bell":1,"minecraft:torch":54,"minecraft:dirt":62,"minecraft:granite":2,"minecraft:dark_oak_planks":1,"minecraft:stone_bricks":1,"quark:blossom_chest":1,"minecraft:furnace":6,"tombstone:gift":6,"minecraft:cooked_beef":8,"luminousworld:clovers_1":1,"quark:blossom_log":8,"minecraft:damaged_anvil":1,"minecraft:stone_pickaxe":62,"minecraft:baked_potato":18,"minecraft:wooden_pickaxe":34,"minecraft:cobblestone_slab":21,"minecraft:crafting_table":6,"minecraft:white_bed":1,"quark:blossom_door":3,"minecraft:bread":8,"minecraft:iron_pickaxe":97,"minecraft:polished_granite":1,"tombstone:grave_key":8,"minecraft:stone_axe":57,"luminousworld:sunset_petunias":1,"minecraft:cobblestone":39,"minecraft:chainmail_boots":1,"minecraft:cooked_porkchop":8,"minecraft:jukebox":1,"minecraft:golden_pickaxe":4,"minecraft:cobweb":1,"minecraft:chainmail_leggings":1},"minecraft:picked_up":{"minecraft:waxed_oxidized_cut_copper":7,"minecraft:crafting_table":5,"minecraft:smithing_table":2,"minecraft:wooden_pickaxe":1,"minecraft:potion":1,"minecraft:enchanted_book":1,"minecraft:string":4,"minecraft:raw_copper":10,"quark:blossom_door":1,"iceandfire:bestiary":1,"minecraft:beef":23,"minecraft:cobblestone_slab":3,"minecraft:player_head":1,"minecraft:iron_pickaxe":1,"minecraft:sugar_cane":15,"minecraft:furnace":2,"minecraft:stripped_mangrove_wood":2,"minecraft:jukebox":1,"luminousworld:blue_petunias":1,"minecraft:torch":5,"quark:blossom_log":35,"minecraft:porkchop":9,"tombstone:grave_dust":1,"minecraft:pointed_dripstone":2,"minecraft:cauldron":2,"minecraft:dark_oak_planks":2,"minecraft:arrow":8,"minecraft:rotten_flesh":5,"luminousworld:yellow_grassflowers":1,"minecraft:glistering_melon_slice":9,"minecraft:cobblestone":122,"minecraft:birch_log":8,"minecraft:leather":8,"minecraft:oak_log":2,"minecraft:gunpowder":1,"minecraft:dirt":103,"tombstone:gift":1,"minecraft:polished_granite":1,"naturalist:bass":1,"minecraft:bone":6,"minecraft:stone_bricks":1,"minecraft:wheat_seeds":3,"minecraft:bell":1,"minecraft:grindstone":2,"minecraft:glass_bottle":1,"luminousworld:clovers_1":3,"iceandfire:podium_spruce":1,"luminousworld:sunset_petunias":1,"minecraft:sand":64,"minecraft:white_bed":1,"minecraft:diamond":1,"minecraft:stone_axe":1,"minecraft:chainmail_leggings":1,"minecraft:granite":2,"minecraft:baked_potato":18,"minecraft:oak_sapling":1,"minecraft:damaged_anvil":2,"minecraft:coal":19,"iceandfire:raw_silver":1},"minecraft:custom":{"minecraft:interact_with_anvil":1,"minecraft:mob_kills":39,"minecraft:interact_with_crafting_table":33,"minecraft:open_barrel":22,"minecraft:bell_ring":2,"minecraft:leave_game":7,"minecraft:time_since_death":311,"minecraft:climb_one_cm":8948,"minecraft:sprint_one_cm":445452,"minecraft:walk_one_cm":548395,"minecraft:damage_blocked_by_shield":375,"minecraft:drop":25,"minecraft:talked_to_villager":2,"minecraft:play_time":169592,"minecraft:deaths":15,"minecraft:sneak_time":2290,"minecraft:walk_under_water_one_cm":3523,"minecraft:jump":1354,"minecraft:interact_with_blast_furnace":1,"minecraft:walk_on_water_one_cm":11634,"minecraft:total_world_time":169592,"minecraft:interact_with_furnace":19,"tombstone:raider_killed":1,"minecraft:sleep_in_bed":8,"minecraft:time_since_rest":12,"minecraft:damage_taken":6543,"minecraft:damage_dealt":7387,"minecraft:swim_one_cm":17578,"minecraft:fly_one_cm":205238,"minecraft:open_chest":41,"minecraft:crouch_one_cm":3979,"tombstone:undead_killed":15,"minecraft:fall_one_cm":21750}},"DataVersion":3465}