{"stats":{"minecraft:custom":{"minecraft:interact_with_furnace":16,"minecraft:mob_kills":28,"minecraft:interact_with_crafting_table":24,"minecraft:open_barrel":22,"minecraft:leave_game":4,"minecraft:time_since_death":51060,"minecraft:sleep_in_bed":7,"minecraft:climb_one_cm":2334,"minecraft:time_since_rest":146,"minecraft:sprint_one_cm":356056,"minecraft:damage_taken":3420,"minecraft:walk_one_cm":411628,"minecraft:damage_blocked_by_shield":375,"minecraft:drop":25,"minecraft:damage_dealt":5482,"minecraft:swim_one_cm":13491,"minecraft:talked_to_villager":2,"minecraft:fly_one_cm":158744,"minecraft:open_chest":34,"minecraft:crouch_one_cm":2434,"tombstone:undead_killed":12,"minecraft:play_time":133484,"minecraft:deaths":7,"minecraft:sneak_time":1524,"minecraft:walk_under_water_one_cm":1814,"minecraft:jump":977,"minecraft:interact_with_blast_furnace":1,"minecraft:walk_on_water_one_cm":5580,"minecraft:total_world_time":133484,"minecraft:fall_one_cm":11840},"minecraft:killed_by":{"minecraft:husk":1,"minecraft:piglin":1,"minecraft:piglin_brute":4,"minecraft:skeleton":1},"minecraft:dropped":{"minecraft:enchanted_book":1,"minecraft:stone_axe":1,"minecraft:stripped_mangrove_wood":2,"minecraft:wheat_seeds":2,"minecraft:diamond":2,"minecraft:crafting_table":1,"minecraft:rotten_flesh":5,"luminousworld:yellow_grassflowers":1,"minecraft:cake":1,"tombstone:grave_dust":1,"minecraft:oak_sapling":2,"minecraft:waxed_oxidized_cut_copper":7,"luminousworld:blue_petunias":2,"minecraft:wooden_pickaxe":2,"minecraft:dark_oak_planks":1,"luminousworld:clovers_1":3},"minecraft:broken":{"minecraft:stone_sword":1},"minecraft:used":{"minecraft:stone_sword":130,"minecraft:stone_shovel":93,"minecraft:stone_pickaxe":62,"minecraft:baked_potato":18,"minecraft:shield":8,"minecraft:wooden_pickaxe":34,"minecraft:iron_sword":4,"minecraft:torch":34,"minecraft:dirt":52,"minecraft:crafting_table":5,"minecraft:white_bed":1,"minecraft:dark_oak_planks":1,"minecraft:iron_pickaxe":43,"minecraft:stone_bricks":1,"tombstone:grave_key":3,"minecraft:stone_axe":15,"minecraft:cobblestone":38,"minecraft:furnace":1,"minecraft:cooked_porkchop":8,"minecraft:cooked_beef":2,"tombstone:gift":4,"minecraft:cobweb":1,"luminousworld:clovers_1":1,"minecraft:golden_pickaxe":4,"minecraft:chainmail_leggings":1},"minecraft:picked_up":{"minecraft:birch_log":8,"minecraft:waxed_oxidized_cut_copper":7,"minecraft:crafting_table":5,"minecraft:leather":5,"minecraft:smithing_table":2,"minecraft:wooden_pickaxe":1,"minecraft:potion":1,"minecraft:enchanted_book":1,"minecraft:oak_log":2,"minecraft:string":4,"minecraft:dirt":95,"tombstone:gift":1,"minecraft:raw_copper":3,"naturalist:bass":1,"minecraft:bone":2,"minecraft:stone_bricks":1,"iceandfire:bestiary":1,"minecraft:wheat_seeds":2,"minecraft:bell":1,"minecraft:grindstone":2,"minecraft:beef":15,"minecraft:player_head":1,"minecraft:iron_pickaxe":1,"minecraft:sugar_cane":9,"minecraft:furnace":1,"minecraft:stripped_mangrove_wood":2,"luminousworld:clovers_1":3,"luminousworld:blue_petunias":1,"iceandfire:podium_spruce":1,"minecraft:torch":1,"minecraft:porkchop":8,"tombstone:grave_dust":1,"minecraft:pointed_dripstone":2,"minecraft:white_bed":1,"minecraft:cauldron":2,"minecraft:dark_oak_planks":2,"minecraft:arrow":7,"minecraft:rotten_flesh":5,"luminousworld:yellow_grassflowers":1,"minecraft:diamond":1,"minecraft:stone_axe":1,"minecraft:chainmail_leggings":1,"minecraft:glistering_melon_slice":9,"minecraft:oak_sapling":1,"minecraft:baked_potato":18,"minecraft:coal":19,"minecraft:damaged_anvil":2,"iceandfire:raw_silver":1,"minecraft:cobblestone":83},"minecraft:crafted":{"minecraft:cooked_beef":8,"minecraft:oak_planks":8,"minecraft:stone_shovel":1,"sophisticatedbackpacks:backpack":1,"minecraft:cooked_porkchop":11,"minecraft:crafting_table":2,"minecraft:wooden_pickaxe":1,"minecraft:iron_sword":1,"minecraft:furnace":1,"minecraft:golden_pickaxe":1,"minecraft:birch_planks":32,"minecraft:stone_axe":1,"minecraft:air":0,"minecraft:shield":1,"quark:oak_chest":1,"minecraft:stick":24,"minecraft:stone_pickaxe":1,"minecraft:stone_sword":1,"minecraft:torch":36},"minecraft:killed":{"minecraft:husk":9,"minecraft:pig":4,"minecraft:spider":1,"undead_revamp2:thesmoker":1,"minecraft:creeper":1,"born_in_chaos_v1:maggot":1,"minecraft:skeleton":2,"enemyexpansion:botfly":1,"naturalist:bass":1,"minecraft:cow":7},"minecraft:mined":{"minecraft:smithing_table":2,"minecraft:white_bed":1,"minecraft:red_bed":1,"iceandfire:silver_ore":1,"minecraft:crafting_table":4,"minecraft:grass_block":79,"minecraft:mushroom_stem":2,"luminousworld:grassvariant_2":2,"minecraft:copper_ore":1,"minecraft:tall_grass":1,"minecraft:cobblestone":20,"minecraft:grindstone":2,"minecraft:sugar_cane":3,"minecraft:damaged_anvil":2,"minecraft:spawner":4,"minecraft:black_stained_glass_pane":2,"minecraft:waxed_oxidized_cut_copper":7,"minecraft:furnace":1,"luminousworld:yellow_grassflowers":1,"minecraft:birch_log":8,"minecraft:lava_cauldron":2,"minecraft:birch_leaves":1,"minecraft:bell":1,"minecraft:grass":2,"minecraft:oak_log":2,"minecraft:pointed_dripstone":2,"minecraft:coal_ore":19,"luminousworld:clovers_5":1,"minecraft:dirt":20,"minecraft:cobweb":2,"iceandfire:podium_spruce":1,"minecraft:stone_bricks":1,"minecraft:red_mushroom_block":1,"minecraft:stripped_mangrove_wood":2,"minecraft:stone":73,"minecraft:netherrack":3,"minecraft:oak_leaves":4,"minecraft:dark_oak_planks":1}},"DataVersion":3465}