{"stats":{"minecraft:killed_by":{"minecraft:husk":1,"undead_revamp2:the_moonflower":1,"minecraft:piglin_brute":1,"alexsmobs:bison":1,"minecraft:skeleton":7,"enemyexpansion:botfly":1,"minecraft:witch":3},"minecraft:broken":{"minecraft:wooden_pickaxe":1,"minecraft:stone_shovel":1},"minecraft:dropped":{"minecraft:gold_ore":26,"luminousworld:sunset_petunias":1,"minecraft:brown_mushroom":1,"minecraft:wheat_seeds":4,"minecraft:baked_potato":20,"minecraft:diamond":2,"minecraft:crafting_table":1,"minecraft:oak_fence":4,"minecraft:cobblestone":10,"minecraft:apple":1,"minecraft:coal_block":3,"minecraft:dirt":32,"tombstone:grave_dust":1,"minecraft:wither_rose":1,"minecraft:glistering_melon_slice":10,"minecraft:chainmail_leggings":1,"minecraft:string":1,"quark:oak_chest":1,"minecraft:stone_axe":1,"minecraft:player_head":1,"minecraft:tall_grass":1,"minecraft:rotten_flesh":7,"minecraft:white_bed":1,"born_in_chaos_v1:corpse_maggot":2,"minecraft:acacia_sapling":9,"minecraft:waxed_oxidized_cut_copper":7,"minecraft:stone_bricks":1,"minecraft:stone_pickaxe":2,"minecraft:beef":8,"minecraft:calcite":1},"minecraft:crafted":{"minecraft:oak_planks":4,"minecraft:stone_shovel":1,"minecraft:cooked_chicken":2,"minecraft:cooked_mutton":5,"minecraft:stone_pickaxe":3,"minecraft:cooked_rabbit":2,"minecraft:cooked_beef":19,"sophisticatedbackpacks:backpack":1,"iceandfire:silver_ingot":1,"minecraft:baked_potato":7,"minecraft:birch_planks":16,"minecraft:stone_axe":1,"minecraft:air":0,"minecraft:stick":40,"minecraft:stone_sword":2,"minecraft:gold_ingot":8,"minecraft:torch":12},"minecraft:mined":{"undead_revamp2:arapholia":4,"minecraft:dark_oak_planks":1,"minecraft:white_bed":2,"minecraft:potted_wither_rose":1,"luminousworld:blue_petunias":2,"minecraft:stripped_birch_log":1,"minecraft:grass_block":115,"minecraft:brick_stairs":2,"luminousworld:grassvariant_2":3,"luminousworld:clovers_2":1,"minecraft:coal_block":3,"minecraft:spawner":3,"luminousworld:sunset_petunias":1,"minecraft:fire":1,"iceandfire:gold_pile":12,"minecraft:black_candle":1,"minecraft:stone":31,"minecraft:player_head":4,"minecraft:cake":3,"luminousworld:soft_birch_log":1,"minecraft:glass_pane":1,"quark:oak_chest":5,"minecraft:brick_wall":3,"minecraft:oak_fence":3,"minecraft:crafting_table":1,"minecraft:calcite":1,"ecologics:walnut_leaves":1,"minecraft:rose_bush":1,"minecraft:campfire":6,"minecraft:cobblestone":4,"minecraft:bricks":6,"minecraft:wall_torch":6,"minecraft:spruce_stairs":1,"minecraft:chain":2,"minecraft:birch_planks":1,"minecraft:birch_log":6,"minecraft:yellow_bed":3,"minecraft:grass":20,"minecraft:oak_log":1,"iceandfire:silver_pile":12,"minecraft:beetroots":11,"minecraft:sand":46,"minecraft:dirt":18,"luminousworld:grassvariant_3":3,"minecraft:cobweb":14,"minecraft:terracotta":2,"minecraft:stone_bricks":1},"minecraft:killed":{"minecraft:witch":2,"enemyexpansion:direwolf":1,"minecraft:skeleton":7,"naturalist:snake":1,"earthmobsmod:cream_cow":1,"minecraft:zombie":1,"enemyexpansion:botfly":3,"minecraft:cow":6},"minecraft:used":{"minecraft:stone_sword":154,"minecraft:stone_shovel":143,"minecraft:player_head":1,"minecraft:torch":8,"minecraft:dirt":56,"minecraft:spruce_stairs":1,"naturalist:cooked_bass":1,"minecraft:lantern":2,"minecraft:brick_stairs":2,"minecraft:barrel":1,"tombstone:gift":2,"minecraft:cooked_beef":7,"minecraft:cooked_mutton":1,"minecraft:brick_wall":2,"minecraft:stone_pickaxe":62,"minecraft:baked_potato":20,"minecraft:wooden_pickaxe":25,"minecraft:white_bed":1,"minecraft:painting":1,"minecraft:cake":3,"minecraft:apple":2,"minecraft:bread":3,"minecraft:stone_axe":35,"minecraft:cobblestone":2,"minecraft:birch_log":2,"alexscaves:lanternfish":1,"minecraft:black_candle":3,"minecraft:yellow_bed":2,"quark:oak_chest":2,"alexsmobs:animal_dictionary":1,"minecraft:cobweb":12},"minecraft:picked_up":{"luminousworld:groundpebbles_1":2,"minecraft:charcoal":12,"minecraft:waxed_oxidized_cut_copper":7,"minecraft:crafting_table":3,"minecraft:chicken":2,"minecraft:flower_pot":1,"minecraft:brown_mushroom":1,"minecraft:wooden_pickaxe":1,"minecraft:wither_rose":1,"minecraft:enchanted_book":1,"minecraft:chain":2,"minecraft:string":14,"minecraft:beetroot":11,"minecraft:gold_nugget":72,"minecraft:beef":21,"minecraft:rose_bush":1,"minecraft:calcite":3,"minecraft:player_head":4,"minecraft:coal_block":3,"minecraft:spruce_trapdoor":2,"minecraft:stick":4,"minecraft:stripped_mangrove_wood":4,"luminousworld:blue_petunias":2,"minecraft:oak_fence":6,"minecraft:torch":8,"minecraft:brick_wall":3,"minecraft:spruce_stairs":3,"minecraft:cake":1,"tombstone:grave_dust":1,"minecraft:dark_oak_planks":2,"luminousworld:grassflowers":1,"minecraft:arrow":6,"minecraft:rotten_flesh":19,"luminousworld:soft_birch_log":2,"minecraft:beetroot_seeds":32,"minecraft:glistering_melon_slice":1,"supplementaries:ash":7,"minecraft:brick_stairs":2,"minecraft:mutton":5,"undead_revamp2:arapholia":4,"minecraft:cobblestone":32,"minecraft:birch_log":6,"born_in_chaos_v1:corpse_maggot":4,"minecraft:leather":9,"minecraft:potato":7,"minecraft:oak_log":1,"minecraft:yellow_bed":3,"minecraft:dirt":156,"minecraft:lantern":2,"minecraft:bone":10,"minecraft:stone_bricks":1,"minecraft:wheat_seeds":2,"minecraft:stone_pickaxe":2,"minecraft:rabbit":2,"minecraft:black_candle":3,"luminousworld:clovers_1":1,"luminousworld:sunset_petunias":1,"minecraft:sand":46,"minecraft:white_bed":2,"minecraft:gold_ore":26,"quark:oak_chest":6,"minecraft:diamond":3,"minecraft:stone_axe":1,"minecraft:painting":1,"minecraft:bread":1,"minecraft:terracotta":2,"minecraft:baked_potato":2,"minecraft:bricks":6,"iceandfire:silver_nugget":34},"minecraft:custom":{"minecraft:interact_with_anvil":1,"minecraft:mob_kills":22,"minecraft:interact_with_crafting_table":12,"minecraft:open_barrel":16,"minecraft:bell_ring":1,"minecraft:eat_cake_slice":6,"minecraft:leave_game":6,"minecraft:time_since_death":519,"minecraft:climb_one_cm":6082,"minecraft:sprint_one_cm":963646,"minecraft:walk_one_cm":155134,"minecraft:drop":134,"minecraft:damage_dealt_absorbed":45,"minecraft:talked_to_villager":5,"minecraft:play_time":169561,"minecraft:deaths":15,"minecraft:sneak_time":1120,"minecraft:walk_under_water_one_cm":1357,"minecraft:jump":790,"minecraft:interact_with_blast_furnace":5,"minecraft:walk_on_water_one_cm":3338,"minecraft:total_world_time":169561,"minecraft:interact_with_furnace":44,"tombstone:raider_killed":2,"minecraft:sleep_in_bed":9,"minecraft:time_since_rest":1,"minecraft:damage_taken":5206,"minecraft:damage_dealt":3980,"minecraft:swim_one_cm":24305,"minecraft:fly_one_cm":116211,"minecraft:open_chest":63,"minecraft:crouch_one_cm":1550,"tombstone:undead_killed":8,"minecraft:fall_one_cm":10218}},"DataVersion":3465}