{"stats":{"minecraft:picked_up":{"luminousworld:groundpebbles_1":1,"minecraft:stick":2,"luminousworld:auburnlog":1,"luminousworld:spuds":1,"minecraft:sweet_berries":40,"minecraft:spruce_stairs":1,"minecraft:brown_mushroom":1,"minecraft:torch":2,"ecologics:seashell":1,"minecraft:mushroom_stew":1,"luminousworld:sunset_petunias":1,"minecraft:porkchop":2,"luminousworld:purple_petunias":1,"minecraft:barrel":1,"minecraft:dark_oak_trapdoor":1,"minecraft:dirt":32,"minecraft:lantern":1,"luminousworld:grassflowers":2,"luminousworld:decorative_brown_mushroom_1":2,"minecraft:pumpkin_pie":2,"minecraft:kelp":18,"minecraft:wheat_seeds":2,"minecraft:gold_nugget":18,"minecraft:hay_block":1,"minecraft:redstone_torch":2,"minecraft:glistering_melon_slice":3,"undead_revamp2:arapholia":2,"iceandfire:silver_nugget":8},"minecraft:dropped":{"tombstone:grave_key":4},"minecraft:used":{"luminousworld:sunset_petunias":1,"minecraft:dirt":8,"minecraft:sweet_berries":10,"luminousworld:decorative_brown_mushroom_1":1},"minecraft:killed":{"minecraft:pig":1},"minecraft:killed_by":{"minecraft:husk":1,"endermanoverhaul:snowy_enderman":1,"born_in_chaos_v1:siamese_skeletonsleft":1,"undead_revamp2:the_moonflower":1,"iceandfire:dread_ghoul":1,"minecraft:skeleton":5},"minecraft:custom":{"minecraft:time_since_rest":1,"minecraft:sprint_one_cm":343998,"minecraft:damage_taken":2515,"minecraft:walk_one_cm":85875,"minecraft:mob_kills":1,"minecraft:drop":4,"minecraft:damage_dealt":206,"minecraft:swim_one_cm":38551,"minecraft:talked_to_villager":1,"minecraft:fly_one_cm":60075,"minecraft:open_barrel":9,"minecraft:open_chest":4,"minecraft:play_time":54838,"minecraft:deaths":10,"minecraft:sneak_time":70,"minecraft:walk_under_water_one_cm":15294,"minecraft:jump":538,"minecraft:leave_game":2,"minecraft:time_since_death":74,"minecraft:walk_on_water_one_cm":10835,"minecraft:total_world_time":54838,"minecraft:climb_one_cm":190,"minecraft:interact_with_smoker":1,"minecraft:fall_one_cm":9033},"minecraft:mined":{"minecraft:spruce_stairs":1,"minecraft:hay_block":1,"luminousworld:sunset_petunias":1,"minecraft:brown_mushroom":1,"minecraft:dark_oak_trapdoor":1,"ecologics:seashell":1,"luminousworld:grassvariant_4":3,"minecraft:kelp_plant":5,"luminousworld:blueberrybush":2,"luminousworld:purple_petunias":1,"minecraft:barrel":1,"minecraft:sweet_berry_bush":16,"luminousworld:mossbuds_1":1,"minecraft:torch":2,"minecraft:grass":6,"luminousworld:mossbuds_2":4,"minecraft:grass_block":28,"iceandfire:silver_pile":2,"iceandfire:gold_pile":3,"luminousworld:spuds":1,"minecraft:dirt":5,"luminousworld:grassflowers":2,"luminousworld:auburnlog":1,"minecraft:gray_carpet":2,"luminousworld:grassvariant_2":2,"luminousworld:grassvariant_3":1,"luminousworld:decorative_brown_mushroom_1":2,"minecraft:kelp":3,"minecraft:fern":1}},"DataVersion":3465}