{"stats":{"minecraft:custom":{"minecraft:mob_kills":18,"minecraft:interact_with_crafting_table":8,"minecraft:open_barrel":16,"minecraft:eat_cake_slice":6,"minecraft:leave_game":2,"minecraft:time_since_death":4954,"minecraft:climb_one_cm":3528,"minecraft:sprint_one_cm":758102,"minecraft:walk_one_cm":131650,"minecraft:drop":130,"minecraft:talked_to_villager":4,"minecraft:play_time":134005,"minecraft:deaths":5,"minecraft:sneak_time":1117,"minecraft:walk_under_water_one_cm":1087,"minecraft:jump":525,"minecraft:interact_with_blast_furnace":5,"minecraft:walk_on_water_one_cm":2872,"minecraft:total_world_time":134005,"minecraft:interact_with_furnace":26,"minecraft:sleep_in_bed":7,"minecraft:time_since_rest":284,"minecraft:damage_taken":2161,"minecraft:damage_dealt":2650,"minecraft:swim_one_cm":21521,"minecraft:fly_one_cm":82023,"minecraft:open_chest":52,"minecraft:crouch_one_cm":1550,"tombstone:undead_killed":8,"minecraft:fall_one_cm":7676},"minecraft:killed_by":{"minecraft:husk":1,"undead_revamp2:the_moonflower":1,"minecraft:piglin_brute":1,"alexsmobs:bison":1,"enemyexpansion:botfly":1},"minecraft:dropped":{"minecraft:gold_ore":26,"minecraft:brown_mushroom":1,"minecraft:wheat_seeds":3,"minecraft:baked_potato":20,"minecraft:diamond":2,"minecraft:crafting_table":1,"minecraft:oak_fence":4,"minecraft:cobblestone":9,"minecraft:apple":1,"minecraft:coal_block":3,"minecraft:dirt":32,"tombstone:grave_dust":1,"minecraft:wither_rose":1,"minecraft:glistering_melon_slice":10,"minecraft:chainmail_leggings":1,"minecraft:string":1,"quark:oak_chest":1,"minecraft:stone_axe":1,"minecraft:player_head":1,"minecraft:tall_grass":1,"minecraft:rotten_flesh":7,"minecraft:white_bed":1,"born_in_chaos_v1:corpse_maggot":2,"minecraft:acacia_sapling":9,"minecraft:waxed_oxidized_cut_copper":7,"minecraft:stone_pickaxe":2,"minecraft:beef":8,"minecraft:calcite":1},"minecraft:broken":{"minecraft:wooden_pickaxe":1,"minecraft:stone_shovel":1},"minecraft:used":{"minecraft:stone_sword":97,"minecraft:stone_shovel":143,"minecraft:player_head":1,"minecraft:dirt":55,"naturalist:cooked_bass":1,"minecraft:lantern":2,"minecraft:barrel":1,"tombstone:gift":2,"minecraft:cooked_beef":1,"minecraft:cooked_mutton":1,"minecraft:stone_pickaxe":46,"minecraft:baked_potato":20,"minecraft:wooden_pickaxe":25,"minecraft:painting":1,"minecraft:cake":3,"minecraft:apple":2,"minecraft:bread":3,"minecraft:stone_axe":33,"minecraft:cobblestone":1,"minecraft:birch_log":2,"alexscaves:lanternfish":1,"minecraft:black_candle":3,"minecraft:yellow_bed":2,"quark:oak_chest":1,"alexsmobs:animal_dictionary":1,"minecraft:cobweb":12},"minecraft:crafted":{"minecraft:stone_shovel":1,"minecraft:cooked_chicken":2,"minecraft:cooked_mutton":1,"minecraft:stone_pickaxe":3,"minecraft:cooked_beef":9,"sophisticatedbackpacks:backpack":1,"iceandfire:silver_ingot":1,"minecraft:baked_potato":5,"minecraft:birch_planks":16,"minecraft:stone_axe":1,"minecraft:air":0,"minecraft:stick":32,"minecraft:stone_sword":1,"minecraft:gold_ingot":6},"minecraft:picked_up":{"minecraft:charcoal":12,"luminousworld:groundpebbles_1":2,"minecraft:waxed_oxidized_cut_copper":7,"minecraft:crafting_table":3,"minecraft:chicken":2,"minecraft:flower_pot":1,"minecraft:brown_mushroom":1,"minecraft:wooden_pickaxe":1,"minecraft:wither_rose":1,"minecraft:enchanted_book":1,"minecraft:chain":2,"minecraft:string":14,"minecraft:beetroot":11,"minecraft:gold_nugget":72,"minecraft:beef":18,"minecraft:player_head":4,"minecraft:calcite":3,"minecraft:coal_block":3,"minecraft:stripped_mangrove_wood":4,"luminousworld:blue_petunias":2,"minecraft:oak_fence":6,"minecraft:torch":6,"minecraft:cake":1,"tombstone:grave_dust":1,"minecraft:dark_oak_planks":2,"luminousworld:grassflowers":1,"minecraft:arrow":2,"minecraft:rotten_flesh":15,"luminousworld:soft_birch_log":2,"minecraft:beetroot_seeds":32,"minecraft:glistering_melon_slice":1,"minecraft:mutton":5,"minecraft:cobblestone":29,"minecraft:birch_log":6,"born_in_chaos_v1:corpse_maggot":4,"minecraft:leather":7,"minecraft:potato":7,"minecraft:yellow_bed":3,"minecraft:dirt":155,"minecraft:lantern":2,"minecraft:bone":7,"minecraft:wheat_seeds":2,"minecraft:stone_pickaxe":2,"minecraft:rabbit":2,"minecraft:black_candle":3,"luminousworld:clovers_1":1,"luminousworld:sunset_petunias":1,"minecraft:white_bed":2,"minecraft:gold_ore":26,"quark:oak_chest":6,"minecraft:diamond":3,"minecraft:stone_axe":1,"minecraft:painting":1,"minecraft:bread":1,"minecraft:baked_potato":2,"iceandfire:silver_nugget":34},"minecraft:killed":{"enemyexpansion:direwolf":1,"minecraft:skeleton":7,"minecraft:zombie":1,"enemyexpansion:botfly":3,"minecraft:cow":6},"minecraft:mined":{"minecraft:dark_oak_planks":1,"minecraft:white_bed":2,"minecraft:potted_wither_rose":1,"luminousworld:blue_petunias":2,"minecraft:stripped_birch_log":1,"minecraft:grass_block":115,"luminousworld:grassvariant_2":3,"minecraft:coal_block":3,"luminousworld:clovers_2":1,"minecraft:spawner":1,"luminousworld:sunset_petunias":1,"iceandfire:gold_pile":12,"minecraft:black_candle":1,"minecraft:stone":31,"minecraft:player_head":4,"minecraft:cake":3,"luminousworld:soft_birch_log":1,"minecraft:glass_pane":1,"quark:oak_chest":5,"minecraft:oak_fence":3,"minecraft:crafting_table":1,"minecraft:calcite":1,"ecologics:walnut_leaves":1,"minecraft:campfire":6,"minecraft:cobblestone":4,"minecraft:wall_torch":6,"minecraft:chain":2,"minecraft:birch_planks":1,"minecraft:birch_log":6,"minecraft:yellow_bed":3,"minecraft:grass":14,"iceandfire:silver_pile":12,"minecraft:beetroots":11,"minecraft:dirt":18,"luminousworld:grassvariant_3":1,"minecraft:cobweb":14}},"DataVersion":3465}